Profile Name,Start Time,Duration,Attributes,Title,Supplemental Video Type,Device Type,Bookmark,Latest Bookmark,Country
DHILLON,2024-06-07 13:40:28,00:00:07,Autoplayed: user action: None; ,I Am Legend_hook_primary_16x9,HOOK,Android DefaultWidevineL3Phone Android Phone,00:00:07,00:00:07,IN (India)
DHILLON,2024-06-06 14:50:28,00:00:15,Autoplayed: user action: None; ,Teaser: Under Paris,TEASER_TRAILER,Android DefaultWidevineL3Phone Android Phone,00:00:27,00:00:27,IN (India)
DHILLON,2024-06-04 15:56:37,00:00:05,Autoplayed: user action: None; ,Hook 4: Haseen Dillruba,HOOK,Android DefaultWidevineL3Phone Android Phone,00:00:05,00:00:05,IN (India)
DHILLON,2024-06-04 14:48:34,00:00:40,Autoplayed: user action: None; ,Trailer: The White Tiger,TRAILER,Android DefaultWidevineL3Phone Android Phone,00:00:40,00:00:40,IN (India)
DHILLON,2024-06-03 16:37:28,00:00:16,Autoplayed: user action: None; ,Season 1 Trailer: Berlin,TRAILER,Android DefaultWidevineL3Phone Android Phone,00:00:16,00:00:16,IN (India)
DHILLON,2024-06-02 16:18:21,00:06:01,,Crew,,Android DefaultWidevineL3Phone Android Phone,01:48:54,01:48:54,IN (India)
DHILLON,2024-06-02 16:17:26,00:00:47,,Crew,,Android DefaultWidevineL3Phone Android Phone,01:44:41,Not latest view,IN (India)
DHILLON,2024-06-02 15:42:15,00:32:47,,Crew,,Android DefaultWidevineL3Phone Android Phone,01:43:57,Not latest view,IN (India)
DHILLON,2024-06-02 10:37:41,00:03:00,,Crew,,Android DefaultWidevineL3Phone Android Phone,01:10:43,Not latest view,IN (India)
DHILLON,2024-06-02 10:35:34,00:02:03,,Crew,,Android DefaultWidevineL3Phone Android Phone,01:07:48,Not latest view,IN (India)
DHILLON,2024-06-02 10:18:27,00:17:04,,Crew,,Android DefaultWidevineL3Phone Android Phone,01:05:47,Not latest view,IN (India)
DHILLON,2024-06-02 10:05:18,00:13:04,,Crew,,Android DefaultWidevineL3Phone Android Phone,00:48:50,Not latest view,IN (India)
DHILLON,2024-06-02 09:59:54,00:05:17,,Crew,,Android DefaultWidevineL3Phone Android Phone,00:35:46,Not latest view,IN (India)
DHILLON,2024-06-02 09:43:49,00:15:44,,Crew,,Android DefaultWidevineL3Phone Android Phone,00:30:30,Not latest view,IN (India)
DHILLON,2024-06-02 09:42:19,00:01:01,,Godzilla Minus One,,Android DefaultWidevineL3Phone Android Phone,00:30:55,00:30:55,IN (India)
DHILLON,2024-06-02 09:39:48,00:00:10,,Crew,,Android DefaultWidevineL3Phone Android Phone,00:24:00,Not latest view,IN (India)
DHILLON,2024-06-02 09:36:25,00:01:31,,Crew,,Android DefaultWidevineL3Phone Android Phone,00:15:29,Not latest view,IN (India)
DHILLON,2024-06-02 09:34:04,00:01:49,,Crew,,Android DefaultWidevineL3Phone Android Phone,00:15:30,Not latest view,IN (India)
DHILLON,2024-06-02 09:20:55,00:12:33,,Crew,,Android DefaultWidevineL3Phone Android Phone,00:13:41,Not latest view,IN (India)
DHILLON,2024-06-02 09:20:44,00:00:01,,Crew,,Android DefaultWidevineL3Phone Android Phone,00:00:02,Not latest view,IN (India)
DHILLON,2024-06-02 09:20:30,00:00:05,,Crew,,Android DefaultWidevineL3Phone Android Phone,00:00:01,Not latest view,IN (India)
DHILLON,2024-06-01 15:49:57,00:00:20,Autoplayed: user action: None; ,Trailer: The Girl on the Train,TRAILER,Android DefaultWidevineL3Phone Android Phone,00:00:20,00:00:20,IN (India)
DHILLON,2024-06-01 15:49:29,00:00:10,Autoplayed: user action: None; ,Trailer: Khufiya,TRAILER,Android DefaultWidevineL3Phone Android Phone,00:00:10,00:00:10,IN (India)
DHILLON,2024-05-31 17:08:22,00:00:01,,Heeramandi: The Diamond Bazaar: Season 1: Alamzeb - The Innocent Pawn (Episode 4),,Android DefaultWidevineL3Phone Android Phone,00:00:01,00:00:01,IN (India)
DHILLON,2024-05-31 16:17:17,00:49:48,,Heeramandi: The Diamond Bazaar: Season 1: Alamzeb - The Innocent Pawn (Episode 4),,Android DefaultWidevineL3Phone Android Phone,00:54:49,Not latest view,IN (India)
DHILLON,2024-05-31 16:11:55,00:05:18,,Heeramandi: The Diamond Bazaar: Season 1: Alamzeb - The Innocent Pawn (Episode 4),,Android DefaultWidevineL3Phone Android Phone,00:05:45,Not latest view,IN (India)
DHILLON,2024-05-31 16:06:42,00:05:07,,Heeramandi: The Diamond Bazaar: Season 1: Waheedajaan - Scarred for Life (Episode 3),,Android DefaultWidevineL3Phone Android Phone,01:00:12,01:00:12,IN (India)
DHILLON,2024-05-29 16:58:43,00:21:00,,Heeramandi: The Diamond Bazaar: Season 1: Waheedajaan - Scarred for Life (Episode 3),,Android DefaultWidevineL3Phone Android Phone,00:47:07,Not latest view,IN (India)
DHILLON,2024-05-29 16:34:36,00:23:38,,Heeramandi: The Diamond Bazaar: Season 1: Waheedajaan - Scarred for Life (Episode 3),,Android DefaultWidevineL3Phone Android Phone,00:26:13,Not latest view,IN (India)
DHILLON,2024-05-29 16:32:25,00:02:00,,Heeramandi: The Diamond Bazaar: Season 1: Waheedajaan - Scarred for Life (Episode 3),,Android DefaultWidevineL3Phone Android Phone,00:02:40,Not latest view,IN (India)
DHILLON,2024-05-29 16:25:48,00:00:24,,Heeramandi: The Diamond Bazaar: Season 1: Waheedajaan - Scarred for Life (Episode 3),,Android DefaultWidevineL3Phone Android Phone,00:00:24,Not latest view,IN (India)
DHILLON,2024-05-26 12:40:16,00:00:37,,Enola Holmes: Context Up-Front Trailer,TRAILER,Android DefaultWidevineL3Phone Android Phone,00:00:33,00:00:33,IN (India)
DHILLON,2024-05-26 12:39:17,00:00:07,Autoplayed: user action: None; ,Season 1 Supporting Character Clip: Berlin,HOOK,Android DefaultWidevineL3Phone Android Phone,00:00:07,00:00:07,IN (India)
DHILLON,2024-05-26 12:37:19,00:00:36,,Money Heist: Part 1: Episode 1,,Android DefaultWidevineL3Phone Android Phone,00:27:19,00:27:19,IN (India)
DHILLON,2024-05-26 12:34:06,00:00:06,Autoplayed: user action: None; ,Season 1 Teaser 2: Khakee: The Bihar Chapter,TEASER_TRAILER,Android DefaultWidevineL3Phone Android Phone,00:00:06,00:00:06,IN (India)
DHILLON,2024-05-26 02:27:38,00:06:42,,Heeramandi: The Diamond Bazaar: Season 1: Fareedanjaan - The Challenger Returns (Episode 2),,Android DefaultWidevineL3Phone Android Phone,00:40:28,00:40:28,IN (India)
DHILLON,2024-05-25 14:49:32,00:00:54,Autoplayed: user action: None; ,The Crew (Hindi Movie)_hook_04_16x9,HOOK,Android DefaultWidevineL3Phone Android Phone,00:00:41,00:00:41,IN (India)
DHILLON,2024-05-25 04:08:26,00:33:23,,Heeramandi: The Diamond Bazaar: Season 1: Fareedanjaan - The Challenger Returns (Episode 2),,Android DefaultWidevineL3Phone Android Phone,00:34:04,Not latest view,IN (India)
DHILLON,2024-05-25 04:08:21,00:00:01,,Heeramandi: The Diamond Bazaar: Season 1: Fareedanjaan - The Challenger Returns (Episode 2),,Android DefaultWidevineL3Phone Android Phone,00:00:05,Not latest view,IN (India)
DHILLON,2024-05-24 16:04:13,00:50:55,,Heeramandi: The Diamond Bazaar: Season 1: Mallikajaan - The Queen of Heeramandi (Episode 1),,Android DefaultWidevineL3Phone Android Phone,01:07:53,01:07:53,IN (India)
DHILLON,2024-05-23 17:12:16,00:08:14,,Heeramandi: The Diamond Bazaar: Season 1: Mallikajaan - The Queen of Heeramandi (Episode 1),,Android DefaultWidevineL3Phone Android Phone,00:00:05,Not latest view,IN (India)
DHILLON,2024-05-23 17:11:45,00:00:08,,Heeramandi: The Diamond Bazaar: Season 1: Mallikajaan - The Queen of Heeramandi (Episode 1),,Android DefaultWidevineL3Phone Android Phone,00:00:12,Not latest view,IN (India)
DHILLON,2024-05-23 16:59:12,00:02:56,,The Railway Men - The Untold Story Of Bhopal 1984: Limited Series: Episode 4,,Android DefaultWidevineL3Phone Android Phone,01:03:48,01:03:48,IN (India)
DHILLON,2024-05-23 16:32:30,00:25:44,,The Railway Men - The Untold Story Of Bhopal 1984: Limited Series: Episode 4,,Android DefaultWidevineL3Phone Android Phone,00:56:34,Not latest view,IN (India)
DHILLON,2024-05-23 16:06:28,00:25:02,,The Railway Men - The Untold Story Of Bhopal 1984: Limited Series: Episode 4,,Android DefaultWidevineL3Phone Android Phone,00:26:53,Not latest view,IN (India)
DHILLON,2024-05-23 15:18:02,00:48:22,,The Railway Men - The Untold Story Of Bhopal 1984: Limited Series: Episode 3,,Android DefaultWidevineL3Phone Android Phone,00:49:14,00:49:14,IN (India)
DHILLON,2024-05-23 15:15:03,00:00:01,,The Railway Men - The Untold Story Of Bhopal 1984: Limited Series: Episode 3,,Android DefaultWidevineL3Phone Android Phone,00:51:38,Not latest view,IN (India)
DHILLON,2024-05-22 18:06:33,00:28:11,,The Railway Men - The Untold Story Of Bhopal 1984: Limited Series: Episode 2,,Android DefaultWidevineL3Phone Android Phone,01:02:16,01:02:16,IN (India)
DHILLON,2024-05-22 18:06:23,00:00:09,,The Railway Men - The Untold Story Of Bhopal 1984: Limited Series: Episode 1,,Android DefaultWidevineL3Phone Android Phone,00:55:49,00:55:49,IN (India)
DHILLON,2024-05-22 17:56:30,00:09:32,,The Railway Men - The Untold Story Of Bhopal 1984: Limited Series: Episode 2,,Android DefaultWidevineL3Phone Android Phone,00:34:13,Not latest view,IN (India)
DHILLON,2024-05-22 17:52:10,00:01:38,,The Railway Men - The Untold Story Of Bhopal 1984: Limited Series: Episode 2,,Android DefaultWidevineL3Phone Android Phone,00:25:05,Not latest view,IN (India)
DHILLON,2024-05-22 17:32:03,00:15:13,,The Railway Men - The Untold Story Of Bhopal 1984: Limited Series: Episode 2,,Android DefaultWidevineL3Phone Android Phone,00:23:50,Not latest view,IN (India)
DHILLON,2024-05-22 17:15:40,00:08:25,,The Railway Men - The Untold Story Of Bhopal 1984: Limited Series: Episode 2,,Android DefaultWidevineL3Phone Android Phone,00:09:06,Not latest view,IN (India)
DHILLON,2024-05-22 17:04:52,00:08:19,,The Railway Men - The Untold Story Of Bhopal 1984: Limited Series: Episode 1,,Android DefaultWidevineL3Phone Android Phone,00:53:35,Not latest view,IN (India)
DHILLON,2024-05-22 16:31:56,00:30:03,,The Railway Men - The Untold Story Of Bhopal 1984: Limited Series: Episode 1,,Android DefaultWidevineL3Phone Android Phone,00:45:52,Not latest view,IN (India)
DHILLON,2024-05-22 16:06:48,00:15:47,,The Railway Men - The Untold Story Of Bhopal 1984: Limited Series: Episode 1,,Android DefaultWidevineL3Phone Android Phone,00:16:40,Not latest view,IN (India)
DHILLON,2024-05-22 15:42:01,00:00:48,Autoplayed: user action: None; ,Inciting Incident Clip: The Railway Men,HOOK,Android DefaultWidevineL3Phone Android Phone,00:00:45,00:00:45,IN (India)
DHILLON,2024-05-22 15:40:52,00:00:04,,Thai Massage,,Android DefaultWidevineL3Phone Android Phone,01:06:42,01:06:42,IN (India)
DHILLON,2024-05-22 15:40:09,00:00:39,Autoplayed: user action: None; ,Thai Massage_hook_primary_16x9,HOOK,Android DefaultWidevineL3Phone Android Phone,00:00:39,00:00:39,IN (India)
DHILLON,2024-05-22 15:39:01,00:00:48,Autoplayed: user action: None; ,Chopsticks (Trailer),TRAILER,Android DefaultWidevineL3Phone Android Phone,00:01:32,00:01:32,IN (India)
DHILLON,2024-05-22 15:37:56,00:00:10,,Kohrra: Season 1: Episode 1,,Android DefaultWidevineL3Phone Android Phone,00:41:31,00:41:31,IN (India)
DHILLON,2024-05-22 15:37:03,00:00:49,Autoplayed: user action: None; ,Season 1 Main Character Intro Clip: Kohrra,HOOK,Android DefaultWidevineL3Phone Android Phone,00:00:49,00:00:49,IN (India)
DHILLON,2024-05-21 16:53:11,00:22:04,,Ludo,,Android DefaultWidevineL3Phone Android Phone,02:25:23,02:25:23,IN (India)
DHILLON,2024-05-20 15:06:58,00:00:19,Autoplayed: user action: None; ,House Arrest (Trailer),TRAILER,Android DefaultWidevineL3Phone Android Phone,00:00:03,00:00:03,IN (India)
DHILLON,2024-05-20 15:06:30,00:00:26,,Chopsticks (Trailer),TRAILER,Android DefaultWidevineL3Phone Android Phone,00:00:26,Not latest view,IN (India)
DHILLON,2024-05-20 15:05:54,00:00:08,Autoplayed: user action: None; ,Trailer: Pagglait,TRAILER,Android DefaultWidevineL3Phone Android Phone,00:00:08,00:00:08,IN (India)
DHILLON,2024-05-20 15:04:04,00:01:29,Autoplayed: user action: None; ,Dasvi_hook_01_16x9,HOOK,Android DefaultWidevineL3Phone Android Phone,00:01:05,00:01:05,IN (India)
DHILLON,2024-05-20 15:03:52,00:00:09,Autoplayed: user action: None; ,Motichoor Chaknachoor_hook_04_16x9,HOOK,Android DefaultWidevineL3Phone Android Phone,00:00:09,00:00:09,IN (India)
DHILLON,2024-05-20 15:03:16,00:00:07,Autoplayed: user action: None; ,Inciting Incident Clip: The Railway Men,HOOK,Android DefaultWidevineL3Phone Android Phone,00:00:07,Not latest view,IN (India)
DHILLON,2024-05-20 15:02:32,00:00:06,,Jamtara - Sabka Number Ayega: Season 2: Episode 8,,Android DefaultWidevineL3Phone Android Phone,00:47:53,00:47:53,IN (India)
DHILLON,2024-05-20 15:02:19,00:00:08,Autoplayed: user action: None; ,Season 1 Recap: Jamtara - Sabka Number Ayega,RECAP,Android DefaultWidevineL3Phone Android Phone,00:01:36,00:01:36,IN (India)
DHILLON,2024-05-20 15:01:59,00:00:09,,Jamtara - Sabka Number Ayega: Season 1: Episode 1,,Android DefaultWidevineL3Phone Android Phone,00:25:56,00:25:56,IN (India)
DHILLON,2024-05-20 15:01:33,00:00:04,,Iratta,,Android DefaultWidevineL3Phone Android Phone,00:05:52,00:05:52,IN (India)
DHILLON,2024-05-20 05:14:17,00:21:47,,Ludo,,Android DefaultWidevineL3Phone Android Phone,02:03:21,Not latest view,IN (India)
DHILLON,2024-05-18 15:31:57,01:13:12,,Ludo,,Android DefaultWidevineL3Phone Android Phone,01:41:51,Not latest view,IN (India)
DHILLON,2024-05-18 11:07:13,00:29:36,,Ludo,,Android DefaultWidevineL3Phone Android Phone,00:30:48,Not latest view,IN (India)
DHILLON,2024-05-18 11:06:58,00:00:01,,Ludo,,Android DefaultWidevineL3Phone Android Phone,00:00:46,Not latest view,IN (India)
DHILLON,2024-05-18 11:06:51,00:00:01,,Ludo,,Android DefaultWidevineL3Phone Android Phone,00:00:40,Not latest view,IN (India)
DHILLON,2024-05-18 11:06:06,00:00:25,,Ludo,,Android DefaultWidevineL3Phone Android Phone,00:00:39,Not latest view,IN (India)
DHILLON,2024-05-17 14:47:44,00:00:23,Autoplayed: user action: None; ,Trailer: Ludo,TRAILER,Android DefaultWidevineL3Phone Android Phone,00:00:22,00:00:22,IN (India)
DHILLON,2024-05-17 14:47:14,00:00:21,,Season 1 Genre Specific Moment Clip: Kaala Paani,HOOK,Android DefaultWidevineL3Phone Android Phone,00:00:16,00:00:16,IN (India)
DHILLON,2024-05-17 14:46:08,00:00:11,Autoplayed: user action: None; ,Zombieland - CLM 1,HOOK,Android DefaultWidevineL3Phone Android Phone,00:00:11,00:00:11,IN (India)
DHILLON,2024-05-17 14:45:07,00:00:08,,Dune,,Android DefaultWidevineL3Phone Android Phone,02:00:00,02:00:00,IN (India)
DHILLON,2024-05-17 14:45:00,00:00:04,Autoplayed: user action: None; ,Dune_hook_05_16x9,HOOK,Android DefaultWidevineL3Phone Android Phone,00:00:03,00:00:03,IN (India)
DHILLON,2024-05-17 14:43:55,00:00:04,Autoplayed: user action: None; ,Army of Thieves - Upper Bound Clip 10,HOOK,Android DefaultWidevineL3Phone Android Phone,00:00:03,00:00:03,IN (India)
DHILLON,2024-05-17 14:36:46,00:00:10,Autoplayed: user action: None; ,Breaking Bad: Season 1_hook_primary_16x9,HOOK,Android DefaultWidevineL3Phone Android Phone,00:00:07,00:00:07,IN (India)
DHILLON,2024-05-15 16:09:28,00:00:28,,Laapataa Ladies,,Android DefaultWidevineL3Phone Android Phone,01:19:39,01:19:39,IN (India)
DHILLON,2024-05-15 15:54:40,00:07:55,,Laapataa Ladies,,Android DefaultWidevineL3Phone Android Phone,01:18:46,Not latest view,IN (India)
DHILLON,2024-05-15 15:41:32,00:10:20,,Laapataa Ladies,,Android DefaultWidevineL3Phone Android Phone,01:11:17,Not latest view,IN (India)
DHILLON,2024-05-15 14:49:48,00:00:04,,Stranger Things: Stranger Things 2: Chapter Eight: The Mind Flayer (Episode 8),,Android DefaultWidevineL3Phone Android Phone,00:25:45,00:25:45,IN (India)
DHILLON,2024-05-15 14:49:20,00:00:17,,Stranger Things: Stranger Things 2: Chapter Nine: The Gate (Episode 9),,Android DefaultWidevineL3Phone Android Phone,00:46:20,00:46:20,IN (India)
DHILLON,2024-05-15 14:49:01,00:00:06,Autoplayed: user action: None; ,Cliffhanger Clip 2: Stranger Things 4 Volume 2,HOOK,Android DefaultWidevineL3Phone Android Phone,00:00:00,00:00:00,IN (India)
DHILLON,2024-05-15 14:46:44,00:01:39,,Lust Stories,,Android DefaultWidevineL3Phone Android Phone,01:38:07,01:38:07,IN (India)
DHILLON,2024-05-15 14:46:19,00:00:21,Autoplayed: user action: None; ,LUSTSTORIES_CLIP_SUPPORTINGCHARACTER,HOOK,Android DefaultWidevineL3Phone Android Phone,00:00:00,00:00:00,IN (India)
DHILLON,2024-05-15 14:46:11,00:00:04,Autoplayed: user action: None; ,LUSTSTORIES_CLIP_SUPPORTINGCHARACTER,HOOK,Android DefaultWidevineL3Phone Android Phone,00:00:04,Not latest view,IN (India)
DHILLON,2024-05-15 14:46:03,00:00:04,Autoplayed: user action: None; ,Teaser: Lust Stories 2,TEASER_TRAILER,Android DefaultWidevineL3Phone Android Phone,00:00:00,00:00:00,IN (India)
DHILLON,2024-05-15 14:45:28,00:00:25,Autoplayed: user action: None; ,Season 1 Trailer: Kaala Paani,TRAILER,Android DefaultWidevineL3Phone Android Phone,00:00:18,00:00:18,IN (India)
DHILLON,2024-05-15 14:44:56,00:00:04,,Villain / Antagonist Clip 2: Bhakshak,HOOK,Android DefaultWidevineL3Phone Android Phone,00:00:04,00:00:04,IN (India)
DHILLON,2024-05-15 14:43:56,00:00:04,,Breaking Bad: Season 1: Pilot (Episode 1),,Android DefaultWidevineL3Phone Android Phone,00:00:04,00:00:04,IN (India)
DHILLON,2024-05-15 14:43:35,00:00:14,,Breaking Bad: Season 1_hook_primary_16x9,HOOK,Android DefaultWidevineL3Phone Android Phone,00:00:00,Not latest view,IN (India)
DHILLON,2024-05-15 14:42:31,00:00:49,Autoplayed: user action: None; ,Season 1 Part 7 Clip 7: The Great Indian Kapil Show,HOOK,Android DefaultWidevineL3Phone Android Phone,00:00:29,00:00:29,IN (India)
DHILLON,2024-05-14 15:36:50,00:00:23,Autoplayed: user action: None; ,Villain / Antagonist Clip: Darlings,HOOK,Android DefaultWidevineL3Phone Android Phone,00:00:23,00:00:23,IN (India)
DHILLON,2024-05-14 15:32:23,00:00:09,Autoplayed: user action: None; ,Trailer: Ludo,TRAILER,Android DefaultWidevineL3Phone Android Phone,00:00:09,Not latest view,IN (India)
DHILLON,2024-05-14 15:30:39,00:00:14,Autoplayed: user action: None; ,Talaash_hook_03_16x9,HOOK,Android DefaultWidevineL3Phone Android Phone,00:00:14,00:00:14,IN (India)
DHILLON,2024-05-14 15:27:56,00:00:43,Autoplayed: user action: None; ,Article 370_hook_01_16x9,HOOK,Android DefaultWidevineL3Phone Android Phone,00:00:43,00:00:43,IN (India)
DHILLON,2024-05-14 15:26:04,00:00:15,Autoplayed: user action: None; ,Mili_hook_01_16x9,HOOK,Android DefaultWidevineL3Phone Android Phone,00:00:15,00:00:15,IN (India)
DHILLON,2024-05-14 15:25:52,00:00:06,Autoplayed: user action: None; ,Cliffhanger Clip: Chor Nikal Ke Bhaga,HOOK,Android DefaultWidevineL3Phone Android Phone,00:00:06,00:00:06,IN (India)
DHILLON,2024-05-13 16:01:01,00:00:13,Autoplayed: user action: None; ,Article 370_hook_01_16x9,HOOK,Android DefaultWidevineL3Phone Android Phone,00:00:13,Not latest view,IN (India)
DHILLON,2024-05-13 16:00:38,00:00:19,,Laapataa Ladies_hook_primary_16x9,HOOK,Android DefaultWidevineL3Phone Android Phone,00:00:19,00:00:19,IN (India)
DHILLON,2024-05-12 16:45:07,00:06:12,,Shaitaan,,Android DefaultWidevineL3Phone Android Phone,00:38:58,00:38:58,IN (India)
DHILLON,2024-05-12 03:32:28,00:09:55,,Shaitaan,,Android DefaultWidevineL3Phone Android Phone,00:32:48,Not latest view,IN (India)
DHILLON,2024-05-11 15:45:45,00:04:22,,Shaitaan,,Android DefaultWidevineL3Phone Android Phone,00:17:19,Not latest view,IN (India)
DHILLON,2024-05-11 15:35:20,00:07:26,,Shaitaan,,Android DefaultWidevineL3Phone Android Phone,00:13:27,Not latest view,IN (India)
DHILLON,2024-05-11 15:28:11,00:05:15,,Shaitaan,,Android DefaultWidevineL3Phone Android Phone,00:06:01,Not latest view,IN (India)
DHILLON,2024-05-04 16:37:43,00:00:50,Autoplayed: user action: None; ,Laapataa Ladies_hook_04_16x9,HOOK,Android DefaultWidevineL3Phone Android Phone,00:00:19,00:00:19,IN (India)
DHILLON,2024-05-02 17:03:38,00:01:24,Autoplayed: user action: None; ,Season 6 Teaser 1: Peaky Blinders,TEASER_TRAILER,Android DefaultWidevineL3Phone Android Phone,00:01:12,00:01:12,IN (India)
DHILLON,2024-05-02 16:56:44,00:00:16,Autoplayed: user action: None; ,Breaking Bad: Season 1_hook_03_16x9,HOOK,Android DefaultWidevineL3Phone Android Phone,00:00:16,00:00:16,IN (India)
DHILLON,2024-05-02 16:55:08,00:00:10,Autoplayed: user action: None; ,Plot Clip 2: Murder Mubarak,HOOK,Android DefaultWidevineL3Phone Android Phone,00:00:00,00:00:00,IN (India)
DHILLON,2024-05-02 16:54:21,00:00:24,Autoplayed: user action: None; ,Clip 1: Enola Holmes,HOOK,Android DefaultWidevineL3Phone Android Phone,00:00:24,00:00:24,IN (India)
DHILLON,2024-05-02 16:53:34,00:00:15,Autoplayed: user action: None; ,Salaar_hook_01_16x9,HOOK,Android DefaultWidevineL3Phone Android Phone,00:00:10,00:00:10,IN (India)
Hunarjatt,2024-06-01 11:07:14,00:00:01,,The Walking Dead: Season 1: Guts (Episode 2),,DefaultWidevineAndroidPhone,00:19:14,00:19:14,IN (India)
Hunarjatt,2024-06-01 11:07:03,00:00:04,,Cinemagraph: Hub Netflix Stories: Virgin River,CINEMAGRAPH,DefaultWidevineAndroidPhone,00:00:04,00:00:04,IN (India)
Hunarjatt,2024-05-25 01:46:19,00:00:16,Autoplayed: user action: None; ,Supporting Character Clip: He's All That,HOOK,DefaultWidevineAndroidPhone,00:00:16,00:00:16,IN (India)
Hunarjatt,2024-05-20 14:54:59,00:00:06,Autoplayed: user action: None; ,Teaser: Army of the Dead,TEASER_TRAILER,DefaultWidevineAndroidPhone,00:00:06,00:00:06,IN (India)
Hunarjatt,2024-05-20 14:08:33,00:00:20,Autoplayed: user action: None; ,Teaser: Army of the Dead,TEASER_TRAILER,DefaultWidevineAndroidPhone,00:00:19,Not latest view,IN (India)
Hunarjatt,2024-05-20 14:07:44,00:00:08,Autoplayed: user action: None; ,Maniac: Limited Series (Trailer),TRAILER,DefaultWidevineAndroidPhone,00:00:07,00:00:07,IN (India)
Hunarjatt,2024-05-16 12:33:41,00:01:12,,Breaking Bad: Season 1_hook_primary_16x9,HOOK,DefaultWidevineAndroidPhone,00:01:00,00:01:00,IN (India)
Hunarjatt,2024-05-13 15:23:32,00:16:51,,The Walking Dead: Season 1: Guts (Episode 2),,DefaultWidevineAndroidPhone,00:19:14,Not latest view,IN (India)
Hunarjatt,2024-05-13 15:23:30,00:00:01,,The Walking Dead: Season 1: Days Gone Bye (Episode 1),,DefaultWidevineAndroidPhone,00:44:25,00:44:25,IN (India)
Hunarjatt,2024-05-12 16:55:19,00:14:32,,The Walking Dead: Season 1: Days Gone Bye (Episode 1),,DefaultWidevineAndroidPhone,00:44:32,Not latest view,IN (India)
Hunarjatt,2024-05-12 14:38:51,00:09:59,,The Walking Dead: Season 1: Days Gone Bye (Episode 1),,DefaultWidevineAndroidPhone,00:26:32,Not latest view,IN (India)
Hunarjatt,2024-05-11 10:59:11,00:00:07,Autoplayed: user action: None; ,Breaking Bad: Season 1_hook_03_16x9,HOOK,DefaultWidevineAndroidPhone,00:00:06,00:00:06,IN (India)
Hunarjatt,2024-05-11 10:58:00,00:00:20,Autoplayed: user action: None; ,Main Character Intro Clip: All Quiet on the Western Front,HOOK,DefaultWidevineAndroidPhone,00:00:19,00:00:19,IN (India)
Hunarjatt,2024-05-11 10:55:28,00:00:09,,Genre Specific Moment Clip: Stranger Things 4 Volume 2,HOOK,DefaultWidevineAndroidPhone,00:01:06,00:01:06,IN (India)
Hunarjatt,2024-05-11 10:54:21,00:00:07,Autoplayed: user action: None; ,The Godfather_hook_primary_16x9,HOOK,DefaultWidevineAndroidPhone,00:00:07,00:00:07,IN (India)
Hunarjatt,2024-05-11 10:51:50,00:00:53,Autoplayed: user action: None; ,Genre Specific Moment Clip 2: Mother of the Bride,HOOK,DefaultWidevineAndroidPhone,00:00:53,00:00:53,IN (India)
Hunarjatt,2024-05-11 07:37:22,00:01:30,,Vikings: Season 4: Crossing (Episode 16),,DefaultWidevineAndroidPhone,00:02:58,00:02:58,IN (India)
Hunarjatt,2024-05-11 07:30:27,00:06:46,,Vikings: Season 4: All His Angels (Episode 15),,DefaultWidevineAndroidPhone,00:41:29,00:41:29,IN (India)
Hunarjatt,2024-05-11 07:29:57,00:00:03,,Better Call Saul: Season 1: Uno (Episode 1),,DefaultWidevineAndroidPhone,00:15:30,00:15:30,IN (India)
Hunarjatt,2024-05-11 07:28:52,00:01:03,Autoplayed: user action: None; ,Vikings: Season 1 - CLM 10,HOOK,DefaultWidevineAndroidPhone,00:01:02,00:01:02,IN (India)
Hunarjatt,2024-05-11 07:27:54,00:00:24,Autoplayed: user action: None; ,Bad Boys for Life_hook_03_16x9,HOOK,DefaultWidevineAndroidPhone,00:00:20,00:00:20,IN (India)
Hunarjatt,2024-05-11 07:26:08,00:00:49,Autoplayed: user action: None; ,Baby Driver_hook_01_16x9,HOOK,DefaultWidevineAndroidPhone,00:00:44,00:00:44,IN (India)
Hunarjatt,2024-05-11 07:25:15,00:00:35,Autoplayed: user action: None; ,American Made_hook_01_16x9,HOOK,DefaultWidevineAndroidPhone,00:00:34,00:00:34,IN (India)
Hunarjatt,2024-05-11 02:09:29,00:15:29,,Better Call Saul: Season 1: Uno (Episode 1),,DefaultWidevineAndroidPhone,00:15:29,Not latest view,IN (India)
Hunarjatt,2024-05-11 02:09:01,00:00:07,,Breaking Bad: Season 1_hook_03_16x9,HOOK,DefaultWidevineAndroidPhone,00:00:06,Not latest view,IN (India)
Hunarjatt,2024-05-11 02:08:04,00:00:28,Autoplayed: user action: None; ,Teaser: Nowhere,TEASER_TRAILER,DefaultWidevineAndroidPhone,00:00:27,00:00:27,IN (India)
Hunarjatt,2024-05-11 02:05:36,00:01:34,Autoplayed: user action: None; ,Season 4 Inciting Incident Clip: Fauda,HOOK,DefaultWidevineAndroidPhone,00:01:05,00:01:05,IN (India)
Hunarjatt,2024-05-11 02:03:37,00:00:26,,The Hero's Journey,TEASER_TRAILER,DefaultWidevineAndroidPhone,00:00:09,00:00:09,IN (India)
Hunarjatt,2024-05-03 17:04:16,00:00:32,Autoplayed: user action: None; ,Season 1 Sensory Clip: Crime Scene Berlin: Nightlife Killer,HOOK,DefaultWidevineAndroidPhone,00:00:32,00:00:32,IN (India)
Hunarjatt,2024-05-03 17:00:22,00:00:28,Autoplayed: user action: None; ,Trailer: Spiritfarer,TRAILER,DefaultWidevineAndroidPhone,00:00:28,00:00:28,IN (India)
Hunarjatt,2024-05-03 17:00:20,00:00:10,,Cinemagraph: Spiritfarer,CINEMAGRAPH,DefaultWidevineAndroidPhone,00:00:01,00:00:01,IN (India)
Hunarjatt,2024-05-02 16:57:55,00:00:12,Autoplayed: user action: None; ,Better Call Saul: Season 3_hook_primary_16x9,HOOK,DefaultWidevineAndroidPhone,00:00:12,00:00:12,IN (India)
Hunarjatt,2024-05-02 16:57:27,00:00:10,Autoplayed: user action: None; ,Season 6 Teaser 1: Peaky Blinders,TEASER_TRAILER,DefaultWidevineAndroidPhone,00:00:10,00:00:10,IN (India)
Hunarjatt,2024-05-02 16:56:53,00:00:20,Autoplayed: user action: None; ,Breaking Bad: Season 1_hook_primary_16x9,HOOK,DefaultWidevineAndroidPhone,00:00:06,Not latest view,IN (India)
Hunarjatt,2024-05-02 16:56:05,00:00:06,Autoplayed: user action: None; ,Act II Conflict Clip: Stranger Things 4 Volume 2,HOOK,DefaultWidevineAndroidPhone,00:00:06,00:00:06,IN (India)
Hunarjatt,2024-05-02 16:55:13,00:00:13,Autoplayed: user action: None; ,Dark: Season 2 (Trailer),TRAILER,DefaultWidevineAndroidPhone,00:00:13,00:00:13,IN (India)
Hunarjatt,2024-05-02 16:54:46,00:00:08,Autoplayed: user action: None; ,Trailer: Murder Mubarak,TRAILER,DefaultWidevineAndroidPhone,00:00:08,00:00:08,IN (India)
Hunarjatt,2024-05-02 16:49:17,00:00:23,Autoplayed: user action: None; ,The Matrix_hook_primary_16x9,HOOK,DefaultWidevineAndroidPhone,00:00:22,00:00:22,IN (India)
Hunarjatt,2024-05-02 16:48:55,00:00:16,,Black Mirror: Season 1_hook_primary_16x9,HOOK,DefaultWidevineAndroidPhone,00:00:15,00:00:15,IN (India)
Hunarjatt,2024-05-02 16:48:11,00:00:37,Autoplayed: user action: None; ,"Volume 3 Trailer: Love, Death & Robots",TRAILER,DefaultWidevineAndroidPhone,00:00:36,00:00:36,IN (India)
Hunarjatt,2024-05-02 16:47:55,00:00:05,Autoplayed: user action: None; ,Narcos: Season 3 (Trailer),TRAILER,DefaultWidevineAndroidPhone,00:00:04,00:00:04,IN (India)
Hunarjatt,2024-05-02 16:46:52,00:00:22,Autoplayed: user action: None; ,Season 6 Teaser 1: Peaky Blinders,TEASER_TRAILER,DefaultWidevineAndroidPhone,00:00:20,Not latest view,IN (India)
Hunarjatt,2024-05-02 16:46:01,00:00:11,Autoplayed: user action: None; ,King Richard_hook_03_16x9,HOOK,DefaultWidevineAndroidPhone,00:00:09,00:00:09,IN (India)
Hunarjatt,2024-05-02 16:39:58,00:00:42,Autoplayed: user action: None; ,Monk: Season 1_hook_05_16x9,HOOK,DefaultWidevineAndroidPhone,00:00:41,00:00:41,IN (India)
Hunarjatt,2024-05-02 16:39:15,00:00:42,Autoplayed: user action: None; ,Monk: Season 1_hook_05_16x9,HOOK,DefaultWidevineAndroidPhone,00:00:41,Not latest view,IN (India)
Hunarjatt,2024-05-01 07:13:14,01:09:31,,Amar Singh Chamkila,,DefaultWidevineAndroidPhone,01:12:11,01:12:11,IN (India)
Hunarjatt,2024-05-01 07:12:40,00:00:06,Autoplayed: user action: None; ,Genre Specific Moment Clip: Amar Singh Chamkila,HOOK,DefaultWidevineAndroidPhone,00:00:05,00:00:05,IN (India)
Hunarjatt,2024-05-01 07:10:01,00:01:54,,Amar Singh Chamkila,,DefaultWidevineAndroidPhone,00:01:53,Not latest view,IN (India)
Hunarjatt,2024-05-01 07:09:39,00:00:16,Autoplayed: user action: None; ,Genre Specific Moment Clip: Amar Singh Chamkila,HOOK,DefaultWidevineAndroidPhone,00:00:16,Not latest view,IN (India)
khush,2024-06-08 02:22:32,00:20:55,,Brooklyn Nine-Nine: Season 5: Safe House (Episode 12),,Safari MAC (Cadmium),00:21:38,00:21:38,CA (Canada)
khush,2024-06-08 02:22:25,00:00:06,Autoplayed: user action: None; ,Brooklyn Nine-Nine: Season 5: The Favor (Episode 11),,Safari MAC (Cadmium),00:00:07,00:00:07,CA (Canada)
khush,2024-06-08 02:17:23,00:04:37,,Brooklyn Nine-Nine: Season 5: Game Night (Episode 10),,Safari MAC (Cadmium),00:21:37,00:21:37,CA (Canada)
khush,2024-06-08 02:17:07,00:00:09,Autoplayed: user action: None; ,Moment of High Emotion Clip: Amar Singh Chamkila,HOOK,Safari MAC (Cadmium),00:00:09,00:00:09,CA (Canada)
khush,2024-06-07 22:54:50,00:00:13,Autoplayed: user action: None; ,Trailer: Dunki,TRAILER,Safari MAC (Cadmium),00:00:21,00:00:21,CA (Canada)
khush,2024-06-07 22:54:40,00:00:13,Autoplayed: user action: None; ,Trailer: Dunki,TRAILER,Safari MAC (Cadmium),00:00:13,Not latest view,CA (Canada)
khush,2024-06-07 22:52:08,00:00:07,Autoplayed: user action: None; ,Trailer: Dunki,TRAILER,Safari MAC (Cadmium),00:00:07,Not latest view,CA (Canada)
khush,2024-06-07 21:34:33,00:00:14,Autoplayed: user action: None; ,Trailer: Dunki,TRAILER,Safari MAC (Cadmium),00:00:14,Not latest view,CA (Canada)
khush,2024-06-07 16:29:41,00:16:45,,Brooklyn Nine-Nine: Season 5: Game Night (Episode 10),,Apple iPhone 14 Pro iPhone,00:17:00,Not latest view,CA (Canada)
khush,2024-06-07 01:55:36,00:21:23,,Brooklyn Nine-Nine: Season 5: 99 (Episode 9),,Safari MAC (Cadmium),00:21:34,00:21:34,CA (Canada)
khush,2024-06-07 01:42:12,00:13:23,,Brooklyn Nine-Nine: Season 5: Return to Skyfire (Episode 8),,Safari MAC (Cadmium),00:21:38,00:21:38,CA (Canada)
khush,2024-06-07 01:41:59,00:00:04,Autoplayed: user action: None; ,Supporting Character Clip: Darlings,HOOK,Safari MAC (Cadmium),00:00:04,00:00:04,CA (Canada)
khush,2024-06-07 01:28:49,00:00:27,,Darlings,,Safari MAC (Cadmium),00:00:27,00:00:27,CA (Canada)
khush,2024-06-07 01:28:20,00:00:15,Autoplayed: user action: None; ,Villain / Antagonist Clip: Kho Gaye Hum Kahan,HOOK,Safari MAC (Cadmium),00:00:15,00:00:15,CA (Canada)
khush,2024-06-07 01:28:13,00:00:06,Autoplayed: user action: None; ,Villain / Antagonist Clip: Kho Gaye Hum Kahan,HOOK,Safari MAC (Cadmium),00:00:06,Not latest view,CA (Canada)
khush,2024-06-07 01:26:43,00:00:05,Autoplayed: user action: None; ,Season 1 Trailer: Sex Education,TRAILER,Safari MAC (Cadmium),00:00:05,00:00:05,CA (Canada)
khush,2024-06-07 01:18:25,00:08:14,,Brooklyn Nine-Nine: Season 5: Return to Skyfire (Episode 8),,Safari MAC (Cadmium),00:08:15,Not latest view,CA (Canada)
khush,2024-06-07 00:57:03,00:21:21,,Brooklyn Nine-Nine: Season 5: Two Turkeys (Episode 7),,Safari MAC (Cadmium),00:21:39,00:21:39,CA (Canada)
khush,2024-06-07 00:56:53,00:00:05,Autoplayed: user action: None; ,Season 1 Trailer: Sex Education,TRAILER,Safari MAC (Cadmium),00:00:05,Not latest view,CA (Canada)
khush,2024-06-06 20:22:23,00:00:04,Autoplayed: user action: None; ,Brooklyn Nine-Nine: Season 5: Two Turkeys (Episode 7),,Safari MAC (Cadmium),00:00:05,Not latest view,CA (Canada)
khush,2024-06-06 20:00:49,00:21:31,,Brooklyn Nine-Nine: Season 5: The Venue (Episode 6),,Safari MAC (Cadmium),00:21:36,00:21:36,CA (Canada)
khush,2024-06-06 20:00:14,00:00:23,Autoplayed: user action: None; ,Season 1 Trailer: Never Have I Ever,TRAILER,Safari MAC (Cadmium),00:00:23,00:00:23,CA (Canada)
khush,2024-06-06 18:14:55,00:21:26,,Brooklyn Nine-Nine: Season 5: Bad Beat (Episode 5),,Safari MAC (Cadmium),00:21:34,00:21:34,CA (Canada)
khush,2024-06-06 15:23:42,00:21:04,,Brooklyn Nine-Nine: Season 5: HalloVeen (Episode 4),,Safari MAC (Cadmium),00:21:14,00:21:14,CA (Canada)
khush,2024-06-06 00:31:35,00:00:06,Autoplayed: user action: None; ,Jumanji: Welcome to the Jungle_hook_primary_16x9,HOOK,Safari MAC (Cadmium),00:00:06,00:00:06,CA (Canada)
khush,2024-06-06 00:30:29,00:00:10,Autoplayed: user action: None; ,Journey 2: The Mysterious Island_hook_primary_16x9,HOOK,Safari MAC (Cadmium),00:00:10,00:00:10,CA (Canada)
khush,2024-06-06 00:29:58,00:00:06,Autoplayed: user action: None; ,Jumanji: Welcome to the Jungle - CLM 10,HOOK,Safari MAC (Cadmium),00:00:06,00:00:06,CA (Canada)
khush,2024-06-06 00:28:48,00:00:10,Autoplayed: user action: None; ,"House, M.D.: Season 1_hook_primary_16x9",HOOK,Safari MAC (Cadmium),00:00:10,00:00:10,CA (Canada)
khush,2024-06-05 22:08:02,02:17:28,,The Karate Kid,,Safari MAC (Cadmium),02:16:37,02:16:37,CA (Canada)
khush,2024-06-05 22:07:54,00:00:07,Autoplayed: user action: None; ,The Karate Kid - CLM 6,HOOK,Safari MAC (Cadmium),00:00:07,00:00:07,CA (Canada)
khush,2024-06-05 22:07:26,00:00:16,Autoplayed: user action: None; ,"House, M.D.: Season 1_hook_primary_16x9",HOOK,Safari MAC (Cadmium),00:00:16,Not latest view,CA (Canada)
khush,2024-06-05 22:07:21,00:00:04,Autoplayed: user action: None; ,Teaser: Heeramandi: The Diamond Bazaar,TEASER_TRAILER,Safari MAC (Cadmium),00:00:04,00:00:04,CA (Canada)
khush,2024-06-05 21:28:16,00:39:03,,Heeramandi: The Diamond Bazaar: Season 1: Heeramandi - The Swan Song (Episode 8),,Safari MAC (Cadmium),00:39:03,00:39:03,CA (Canada)
khush,2024-06-05 20:45:30,00:39:44,,Heeramandi: The Diamond Bazaar: Season 1: Bibbojaan - Long Live the Revolution (Episode 7),,Safari MAC (Cadmium),00:39:49,00:39:49,CA (Canada)
khush,2024-06-05 19:54:55,00:50:33,,Heeramandi: The Diamond Bazaar: Season 1: Tajdar & Alamzeb - Nation v/s Love (Episode 6),,Safari MAC (Cadmium),00:50:40,00:50:40,CA (Canada)
khush,2024-06-05 19:14:20,00:40:35,,Heeramandi: The Diamond Bazaar: Season 1: Tajdar - The Loverâ€™s Dilemma (Episode 5),,Safari MAC (Cadmium),00:40:44,00:40:44,CA (Canada)
khush,2024-06-05 18:48:32,00:25:47,,Heeramandi: The Diamond Bazaar: Season 1: Alamzeb - The Innocent Pawn (Episode 4),,Safari MAC (Cadmium),00:54:38,00:54:38,CA (Canada)
khush,2024-06-05 18:47:17,00:00:04,Autoplayed: user action: None; ,Teaser: Heeramandi: The Diamond Bazaar,TEASER_TRAILER,Safari MAC (Cadmium),00:00:04,Not latest view,CA (Canada)
khush,2024-06-05 18:47:10,00:00:28,Autoplayed: user action: None; ,Season 1 Sensory Clip 2: Hitler and the Nazis: Evil on Trial,HOOK,Safari MAC (Cadmium),00:00:28,00:00:28,CA (Canada)
khush,2024-06-05 14:57:14,00:00:01,Autoplayed: user action: None; ,Brooklyn Nine-Nine: Season 5: HalloVeen (Episode 4),,Safari MAC (Cadmium),00:00:02,Not latest view,CA (Canada)
khush,2024-06-05 14:35:30,00:21:20,,Brooklyn Nine-Nine: Season 5: Kicks (Episode 3),,Safari MAC (Cadmium),00:21:33,00:21:33,CA (Canada)
khush,2024-06-05 14:35:23,00:00:04,Autoplayed: user action: None; ,"House, M.D.: Season 1_hook_primary_16x9",HOOK,Safari MAC (Cadmium),00:00:04,Not latest view,CA (Canada)
khush,2024-06-05 01:58:24,00:20:13,,"Brooklyn Nine-Nine: Season 5: The Big House, Pt. 2 (Episode 2)",,Safari MAC (Cadmium),00:21:46,00:21:46,CA (Canada)
khush,2024-06-04 21:39:58,00:01:39,Autoplayed: user action: None; ,"Brooklyn Nine-Nine: Season 5: The Big House, Pt. 2 (Episode 2)",,Safari MAC (Cadmium),00:01:53,Not latest view,CA (Canada)
khush,2024-06-04 21:18:39,00:21:16,,"Brooklyn Nine-Nine: Season 5: The Big House, Pt. 1 (Episode 1)",,Safari MAC (Cadmium),00:21:30,00:21:30,CA (Canada)
khush,2024-06-04 16:36:56,00:15:28,,Heeramandi: The Diamond Bazaar: Season 1: Alamzeb - The Innocent Pawn (Episode 4),,Safari MAC (Cadmium),00:28:51,Not latest view,CA (Canada)
khush,2024-06-04 16:23:53,00:00:04,Autoplayed: user action: None; ,Genre Specific Moment Clip: Amar Singh Chamkila,HOOK,Safari MAC (Cadmium),00:00:04,00:00:04,CA (Canada)
khush,2024-06-04 04:45:47,00:14:30,,Heeramandi: The Diamond Bazaar: Season 1: Alamzeb - The Innocent Pawn (Episode 4),,Safari MAC (Cadmium),00:14:57,Not latest view,CA (Canada)
khush,2024-06-04 04:19:49,00:25:56,,Heeramandi: The Diamond Bazaar: Season 1: Waheedajaan - Scarred for Life (Episode 3),,Safari MAC (Cadmium),00:52:22,00:52:22,CA (Canada)
khush,2024-06-03 19:25:22,00:27:08,,Heeramandi: The Diamond Bazaar: Season 1: Waheedajaan - Scarred for Life (Episode 3),,Safari MAC (Cadmium),00:26:25,Not latest view,CA (Canada)
khush,2024-06-03 19:10:43,00:14:35,,Heeramandi: The Diamond Bazaar: Season 1: Fareedanjaan - The Challenger Returns (Episode 2),,Safari MAC (Cadmium),00:39:12,00:39:12,CA (Canada)
khush,2024-06-03 19:10:32,00:00:02,,"Brooklyn Nine-Nine: Season 5: The Big House, Pt. 1 (Episode 1)",,Safari MAC (Cadmium),00:01:25,Not latest view,CA (Canada)
khush,2024-06-03 17:53:42,00:01:22,Autoplayed: user action: None; ,"Brooklyn Nine-Nine: Season 5: The Big House, Pt. 1 (Episode 1)",,Safari MAC (Cadmium),00:01:23,Not latest view,CA (Canada)
khush,2024-06-03 17:31:54,00:21:46,,Brooklyn Nine-Nine: Season 4: Crime & Punishment (Episode 22),,Safari MAC (Cadmium),00:21:09,00:21:09,CA (Canada)
khush,2024-06-03 15:17:16,00:21:29,,Brooklyn Nine-Nine: Season 4: The Bank Job (Episode 21),,Safari MAC (Cadmium),00:21:30,00:21:30,CA (Canada)
khush,2024-06-03 15:05:07,00:12:08,,Brooklyn Nine-Nine: Season 4: The Slaughterhouse (Episode 20),,Safari MAC (Cadmium),00:21:16,00:21:16,CA (Canada)
khush,2024-06-03 15:04:59,00:00:04,Autoplayed: user action: None; ,Season 1 Trailer: Never Have I Ever,TRAILER,Safari MAC (Cadmium),00:00:04,Not latest view,CA (Canada)
khush,2024-06-03 01:47:39,00:24:05,,Heeramandi: The Diamond Bazaar: Season 1: Fareedanjaan - The Challenger Returns (Episode 2),,Safari MAC (Cadmium),00:24:37,Not latest view,CA (Canada)
khush,2024-06-03 00:46:45,01:00:25,,Heeramandi: The Diamond Bazaar: Season 1: Mallikajaan - The Queen of Heeramandi (Episode 1),,Safari MAC (Cadmium),01:00:14,01:00:14,CA (Canada)
khush,2024-06-03 00:46:18,00:00:05,,Brooklyn Nine-Nine: Season 4: The Slaughterhouse (Episode 20),,Safari MAC (Cadmium),00:09:08,Not latest view,CA (Canada)
khush,2024-06-02 23:06:36,00:09:01,,Brooklyn Nine-Nine: Season 4: The Slaughterhouse (Episode 20),,Safari MAC (Cadmium),00:09:02,Not latest view,CA (Canada)
khush,2024-06-02 22:43:29,00:21:27,,Brooklyn Nine-Nine: Season 4: Your Honor (Episode 19),,Safari MAC (Cadmium),00:21:40,00:21:40,CA (Canada)
khush,2024-06-02 22:21:49,00:21:39,,Brooklyn Nine-Nine: Season 4: Chasing Amy (Episode 18),,Safari MAC (Cadmium),00:21:39,00:21:39,CA (Canada)
khush,2024-06-02 22:09:26,00:10:10,,Brooklyn Nine-Nine: Season 4: Cop-Con (Episode 17),,Safari MAC (Cadmium),00:21:41,00:21:41,CA (Canada)
khush,2024-06-02 15:02:06,00:11:13,,Brooklyn Nine-Nine: Season 4: Cop-Con (Episode 17),,Apple iPhone 14 Pro iPhone,00:11:31,Not latest view,CA (Canada)
khush,2024-06-02 03:25:37,00:20:59,,Brooklyn Nine-Nine: Season 4: Moo Moo (Episode 16),,Safari MAC (Cadmium),00:20:59,00:20:59,CA (Canada)
khush,2024-06-01 13:49:59,00:21:17,,Brooklyn Nine-Nine: Season 4: The Last Ride (Episode 15),,Safari MAC (Cadmium),00:21:28,00:21:28,CA (Canada)
khush,2024-06-01 13:49:50,00:00:05,Autoplayed: user action: None; ,That's My Boy_hook_primary_16x9,HOOK,Safari MAC (Cadmium),00:00:05,00:00:05,CA (Canada)
khush,2024-06-01 04:20:30,00:00:07,Autoplayed: user action: None; ,Limited Series Inciting Incident Clip: Eric,HOOK,Safari MAC (Cadmium),00:00:07,00:00:07,CA (Canada)
khush,2024-06-01 03:59:07,00:21:21,,Brooklyn Nine-Nine: Season 4: Serve & Protect (Episode 14),,Safari MAC (Cadmium),00:21:36,00:21:36,CA (Canada)
khush,2024-06-01 03:36:25,00:21:30,,Brooklyn Nine-Nine: Season 4: The Audit (Episode 13),,Safari MAC (Cadmium),00:21:40,00:21:40,CA (Canada)
khush,2024-06-01 03:34:03,00:02:22,,Brooklyn Nine-Nine: Season 4: The Fugitive: Part 2 (Episode 12),,Safari MAC (Cadmium),00:21:38,00:21:38,CA (Canada)
khush,2024-06-01 03:28:30,00:00:08,,Crew,,Apple iPhone 14 Pro iPhone,01:55:30,01:55:30,CA (Canada)
khush,2024-05-31 20:24:38,00:19:00,,Brooklyn Nine-Nine: Season 4: The Fugitive: Part 2 (Episode 12),,Apple iPhone 14 Pro iPhone,00:19:16,Not latest view,CA (Canada)
khush,2024-05-31 13:30:05,00:00:03,Autoplayed: user action: None; ,Brooklyn Nine-Nine: Season 4: The Fugitive: Part 2 (Episode 12),,Safari MAC (Cadmium),00:00:03,Not latest view,CA (Canada)
khush,2024-05-31 13:09:53,00:20:06,,Brooklyn Nine-Nine: Season 4: The Fugitive: Part 1 (Episode 11),,Safari MAC (Cadmium),00:20:15,00:20:15,CA (Canada)
khush,2024-05-31 13:08:43,00:00:06,Autoplayed: user action: None; ,Season 1 High Context Clip: Dancing for the Devil: The 7M TikTok Cult,HOOK,Safari MAC (Cadmium),00:00:06,00:00:06,CA (Canada)
khush,2024-05-31 03:19:41,01:48:56,,Crew,,Safari MAC (Cadmium),01:49:25,Not latest view,CA (Canada)
khush,2024-05-31 03:19:35,00:00:04,Autoplayed: user action: None; ,The Crew (Hindi Movie)_hook_primary_16x9,HOOK,Safari MAC (Cadmium),00:00:04,00:00:04,CA (Canada)
khush,2024-05-31 03:18:45,00:00:04,Autoplayed: user action: None; ,Money Heist: Part 3 (Trailer),TRAILER,Safari MAC (Cadmium),00:00:04,00:00:04,CA (Canada)
khush,2024-05-31 03:18:37,00:00:04,Autoplayed: user action: None; ,Season 1 Genre Specific Moment Clip 3: 3 Body Problem,HOOK,Safari MAC (Cadmium),00:00:04,00:00:04,CA (Canada)
khush,2024-05-31 03:18:20,00:00:04,Autoplayed: user action: None; ,Orange Is the New Black: Season 7 (Trailer),TRAILER,Safari MAC (Cadmium),00:00:04,00:00:04,CA (Canada)
khush,2024-05-31 03:17:25,00:00:35,Autoplayed: user action: None; ,Anacondas: The Hunt for the Blood Orchid_hook_primary_16x9,HOOK,Safari MAC (Cadmium),00:00:35,00:00:35,CA (Canada)
khush,2024-05-31 03:16:40,00:00:15,Autoplayed: user action: None; ,Trailer Park Boys: Season 12 (Trailer),TRAILER,Safari MAC (Cadmium),00:00:15,00:00:15,CA (Canada)
khush,2024-05-30 23:19:29,00:21:01,,Brooklyn Nine-Nine: Season 4: Captain Latvia (Episode 10),,Safari MAC (Cadmium),00:21:18,00:21:18,CA (Canada)
khush,2024-05-30 22:57:52,00:21:37,,Brooklyn Nine-Nine: Season 4: The Overmining (Episode 9),,Safari MAC (Cadmium),00:21:38,00:21:38,CA (Canada)
khush,2024-05-30 22:35:39,00:22:01,,Brooklyn Nine-Nine: Season 4: Skyfire Cycle (Episode 8),,Safari MAC (Cadmium),00:21:37,00:21:37,CA (Canada)
khush,2024-05-30 22:32:51,00:02:45,,Brooklyn Nine-Nine: Season 4: Mr. Santiago (Episode 7),,Safari MAC (Cadmium),00:21:33,00:21:33,CA (Canada)
khush,2024-05-30 15:36:47,00:18:56,,Brooklyn Nine-Nine: Season 4: Mr. Santiago (Episode 7),,Apple iPhone 14 Pro iPhone,00:19:10,Not latest view,CA (Canada)
khush,2024-05-29 23:22:44,00:00:04,Autoplayed: user action: None; ,Brooklyn Nine-Nine: Season 4: Mr. Santiago (Episode 7),,Safari MAC (Cadmium),00:00:05,Not latest view,CA (Canada)
khush,2024-05-29 22:59:52,00:20:58,,Brooklyn Nine-Nine: Season 4: Monster in the Closet (Episode 6),,Safari MAC (Cadmium),00:21:07,00:21:07,CA (Canada)
khush,2024-05-29 22:44:46,00:12:51,,Brooklyn Nine-Nine: Season 4: Halloween IV (Episode 5),,Safari MAC (Cadmium),00:20:50,00:20:50,CA (Canada)
khush,2024-05-29 16:05:12,00:07:46,,Brooklyn Nine-Nine: Season 4: Halloween IV (Episode 5),,Apple iPhone 14 Pro iPhone,00:07:59,Not latest view,CA (Canada)
khush,2024-05-29 02:56:15,00:21:12,,Brooklyn Nine-Nine: Season 4: The Night Shift (Episode 4),,Safari MAC (Cadmium),00:21:26,00:21:26,CA (Canada)
khush,2024-05-29 02:55:39,00:00:30,Autoplayed: user action: None; ,Money Heist (Trailer),TRAILER,Safari MAC (Cadmium),00:00:30,00:00:30,CA (Canada)
khush,2024-05-28 23:55:26,00:00:02,Autoplayed: user action: None; ,Brooklyn Nine-Nine: Season 4: The Night Shift (Episode 4),,Safari MAC (Cadmium),00:00:03,Not latest view,CA (Canada)
khush,2024-05-28 23:34:47,00:20:38,,Brooklyn Nine-Nine: Season 4: Coral Palms: Part 3 (Episode 3),,Safari MAC (Cadmium),00:20:55,00:20:55,CA (Canada)
khush,2024-05-28 23:13:18,00:21:28,,Brooklyn Nine-Nine: Season 4: Coral Palms: Part 2 (Episode 2),,Safari MAC (Cadmium),00:21:33,00:21:33,CA (Canada)
khush,2024-05-28 22:51:59,00:21:18,,Brooklyn Nine-Nine: Season 4: Coral Palms: Part 1 (Episode 1),,Safari MAC (Cadmium),00:21:34,00:21:34,CA (Canada)
khush,2024-05-28 22:30:30,00:21:28,,Brooklyn Nine-Nine: Season 3: Greg and Larry (Episode 23),,Safari MAC (Cadmium),00:21:45,00:21:45,CA (Canada)
khush,2024-05-28 22:09:05,00:21:23,,Brooklyn Nine-Nine: Season 3: The Bureau (Episode 22),,Safari MAC (Cadmium),00:21:38,00:21:38,CA (Canada)
khush,2024-05-28 18:14:56,00:21:23,,Brooklyn Nine-Nine: Season 3: Maximum Security (Episode 21),,Safari MAC (Cadmium),00:21:35,00:21:35,CA (Canada)
khush,2024-05-28 17:53:46,00:21:07,,Brooklyn Nine-Nine: Season 3: Paranoia (Episode 20),,Safari MAC (Cadmium),00:21:23,00:21:23,CA (Canada)
khush,2024-05-28 14:40:21,00:21:37,,Brooklyn Nine-Nine: Season 3: Terry Kitties (Episode 19),,Safari MAC (Cadmium),00:21:37,00:21:37,CA (Canada)
khush,2024-05-28 14:39:33,00:00:20,Autoplayed: user action: None; ,The Karate Kid - CLM 10,HOOK,Safari MAC (Cadmium),00:00:20,00:00:20,CA (Canada)
khush,2024-05-28 14:39:02,00:00:09,Autoplayed: user action: None; ,Journey 2: The Mysterious Island_hook_primary_16x9,HOOK,Safari MAC (Cadmium),00:00:09,Not latest view,CA (Canada)
khush,2024-05-28 14:38:47,00:00:05,Autoplayed: user action: None; ,Big Mouth (Trailer),TRAILER,Safari MAC (Cadmium),00:00:05,00:00:05,CA (Canada)
khush,2024-05-28 14:38:09,00:00:14,Autoplayed: user action: None; ,Man Vs Bee: Season 1 - CLM 9,HOOK,Safari MAC (Cadmium),00:00:14,00:00:14,CA (Canada)
khush,2024-05-28 14:37:36,00:00:26,Autoplayed: user action: None; ,The Godfather_hook_primary_16x9,HOOK,Safari MAC (Cadmium),00:00:26,00:00:26,CA (Canada)
khush,2024-05-28 14:37:14,00:00:15,Autoplayed: user action: None; ,Anacondas: The Hunt for the Blood Orchid_hook_primary_16x9,HOOK,Safari MAC (Cadmium),00:00:15,Not latest view,CA (Canada)
khush,2024-05-28 14:36:59,00:00:13,Autoplayed: user action: None; ,Anacondas: The Hunt for the Blood Orchid_hook_primary_16x9,HOOK,Safari MAC (Cadmium),00:00:13,Not latest view,CA (Canada)
khush,2024-05-28 14:36:43,00:00:06,Autoplayed: user action: None; ,Big Mouth (Trailer),TRAILER,Safari MAC (Cadmium),00:00:06,Not latest view,CA (Canada)
khush,2024-05-28 03:21:39,00:21:09,,Brooklyn Nine-Nine: Season 3: Cheddar (Episode 18),,Safari MAC (Cadmium),00:21:23,00:21:23,CA (Canada)
khush,2024-05-28 03:00:29,00:21:08,,Brooklyn Nine-Nine: Season 3: Adrian Pimento (Episode 17),,Safari MAC (Cadmium),00:21:20,00:21:20,CA (Canada)
khush,2024-05-27 23:55:56,00:21:19,,Brooklyn Nine-Nine: Season 3: House Mouses (Episode 16),,Safari MAC (Cadmium),00:21:35,00:21:35,CA (Canada)
khush,2024-05-27 23:41:40,00:14:12,,Brooklyn Nine-Nine: Season 3: The 9-8 (Episode 15),,Safari MAC (Cadmium),00:21:35,00:21:35,CA (Canada)
khush,2024-05-27 20:00:19,00:07:18,,Brooklyn Nine-Nine: Season 3: The 9-8 (Episode 15),,Safari MAC (Cadmium),00:07:23,Not latest view,CA (Canada)
khush,2024-05-27 19:47:41,00:12:34,,Brooklyn Nine-Nine: Season 3: Karen Peralta (Episode 14),,Safari MAC (Cadmium),00:21:30,00:21:30,CA (Canada)
khush,2024-05-27 15:13:35,00:08:54,Autoplayed: user action: None; ,Brooklyn Nine-Nine: Season 3: Karen Peralta (Episode 14),,Safari MAC (Cadmium),00:08:56,Not latest view,CA (Canada)
khush,2024-05-27 15:11:39,00:01:50,,Brooklyn Nine-Nine: Season 3: The Cruise (Episode 13),,Safari MAC (Cadmium),00:21:24,00:21:24,CA (Canada)
khush,2024-05-27 02:52:28,00:19:16,,Brooklyn Nine-Nine: Season 3: The Cruise (Episode 13),,Safari MAC (Cadmium),00:19:33,Not latest view,CA (Canada)
khush,2024-05-27 02:52:22,00:00:04,,Brooklyn Nine-Nine: Season 3: 9 Days (Episode 12),,Safari MAC (Cadmium),00:00:04,00:00:04,CA (Canada)
khush,2024-05-26 22:06:09,00:21:17,,Brooklyn Nine-Nine: Season 3: 9 Days (Episode 12),,Safari MAC (Cadmium),00:21:34,Not latest view,CA (Canada)
khush,2024-05-26 22:02:07,00:03:58,,Brooklyn Nine-Nine: Season 3: Hostage Situation (Episode 11),,Safari MAC (Cadmium),00:21:03,00:21:03,CA (Canada)
khush,2024-05-26 15:46:32,00:10:49,,Brooklyn Nine-Nine: Season 3: Hostage Situation (Episode 11),,Apple iPhone 14 Pro iPhone,00:17:56,Not latest view,CA (Canada)
khush,2024-05-25 22:55:16,00:06:56,,Brooklyn Nine-Nine: Season 3: Hostage Situation (Episode 11),,Safari MAC (Cadmium),00:07:06,Not latest view,CA (Canada)
khush,2024-05-25 22:44:09,00:10:59,,Brooklyn Nine-Nine: Season 3: Yippie Kayak (Episode 10),,Safari MAC (Cadmium),00:21:18,00:21:18,CA (Canada)
khush,2024-05-25 22:44:00,00:00:08,,Brooklyn Nine-Nine: Season 3: Hostage Situation (Episode 11),,Safari MAC (Cadmium),00:00:08,Not latest view,CA (Canada)
khush,2024-05-25 22:43:56,00:00:02,,Brooklyn Nine-Nine: Season 3: Yippie Kayak (Episode 10),,Safari MAC (Cadmium),00:00:02,Not latest view,CA (Canada)
khush,2024-05-25 22:32:38,00:11:00,,Brooklyn Nine-Nine: Season 3: Yippie Kayak (Episode 10),,Apple iPhone 14 Pro iPhone,00:11:01,Not latest view,CA (Canada)
khush,2024-05-25 22:19:29,00:12:50,,Brooklyn Nine-Nine: Season 3: The Swedes (Episode 9),,Apple iPhone 14 Pro iPhone,00:21:29,00:21:29,CA (Canada)
khush,2024-05-25 15:18:50,00:08:24,,Brooklyn Nine-Nine: Season 3: The Swedes (Episode 9),,Apple iPhone 14 Pro iPhone,00:08:39,Not latest view,CA (Canada)
khush,2024-05-25 15:18:42,00:00:05,,Brooklyn Nine-Nine: Season 3: Ava (Episode 8),,Apple iPhone 14 Pro iPhone,00:18:12,00:18:12,CA (Canada)
khush,2024-05-25 03:53:38,00:20:52,,Brooklyn Nine-Nine: Season 3: Ava (Episode 8),,Safari MAC (Cadmium),00:21:04,Not latest view,CA (Canada)
khush,2024-05-25 03:32:24,00:21:13,,Brooklyn Nine-Nine: Season 3: The Mattress (Episode 7),,Safari MAC (Cadmium),00:21:21,00:21:21,CA (Canada)
khush,2024-05-25 03:24:40,00:07:25,,Brooklyn Nine-Nine: Season 3: Into the Woods (Episode 6),,Safari MAC (Cadmium),00:21:39,00:21:39,CA (Canada)
khush,2024-05-25 03:24:11,00:00:23,Autoplayed: user action: None; ,Trailer: Orange Is the New Black,TRAILER,Safari MAC (Cadmium),00:00:23,00:00:23,CA (Canada)
khush,2024-05-24 19:11:30,00:11:08,,Brooklyn Nine-Nine: Season 3: Into the Woods (Episode 6),,Apple iPhone 14 Pro iPhone,00:14:14,Not latest view,CA (Canada)
khush,2024-05-24 04:16:04,00:04:08,Autoplayed: user action: None; ,Brooklyn Nine-Nine: Season 3: Into the Woods (Episode 6),,Safari MAC (Cadmium),00:04:25,Not latest view,CA (Canada)
khush,2024-05-24 03:53:38,00:21:29,,Brooklyn Nine-Nine: Season 3: Halloween Part III (Episode 5),,Safari MAC (Cadmium),00:21:38,00:21:38,CA (Canada)
khush,2024-05-24 03:53:23,00:00:13,,Brooklyn Nine-Nine: Season 3: The Oolong Slayer (Episode 4),,Safari MAC (Cadmium),00:00:13,00:00:13,CA (Canada)
khush,2024-05-24 01:52:49,00:21:11,,Brooklyn Nine-Nine: Season 3: The Oolong Slayer (Episode 4),,Safari MAC (Cadmium),00:21:24,Not latest view,CA (Canada)
khush,2024-05-24 01:31:16,00:21:32,,Brooklyn Nine-Nine: Season 3: Boyle's Hunch (Episode 3),,Safari MAC (Cadmium),00:21:33,00:21:33,CA (Canada)
khush,2024-05-24 01:16:22,00:14:15,,Brooklyn Nine-Nine: Season 3: The Funeral (Episode 2),,Safari MAC (Cadmium),00:21:35,00:21:35,CA (Canada)
khush,2024-05-24 01:16:17,00:00:03,,Brooklyn Nine-Nine: Season 3: New Captain (Episode 1),,Safari MAC (Cadmium),00:13:05,00:13:05,CA (Canada)
khush,2024-05-23 17:18:09,00:07:03,,Brooklyn Nine-Nine: Season 3: The Funeral (Episode 2),,Apple iPhone 14 Pro iPhone,00:07:20,Not latest view,CA (Canada)
khush,2024-05-23 17:09:35,00:08:27,,Brooklyn Nine-Nine: Season 3: New Captain (Episode 1),,Apple iPhone 14 Pro iPhone,00:21:30,Not latest view,CA (Canada)
khush,2024-05-22 23:11:46,00:12:39,,Brooklyn Nine-Nine: Season 3: New Captain (Episode 1),,Safari MAC (Cadmium),00:13:02,Not latest view,CA (Canada)
khush,2024-05-22 22:50:18,00:21:27,,Brooklyn Nine-Nine: Season 2: Johnny and Dora (Episode 23),,Safari MAC (Cadmium),00:21:41,00:21:41,CA (Canada)
khush,2024-05-22 22:28:43,00:21:34,,Brooklyn Nine-Nine: Season 2: The Chopper (Episode 22),,Safari MAC (Cadmium),00:21:35,00:21:35,CA (Canada)
khush,2024-05-22 22:05:29,00:21:22,,Brooklyn Nine-Nine: Season 2: Det. Dave Majors (Episode 21),,Safari MAC (Cadmium),00:21:36,00:21:36,CA (Canada)
khush,2024-05-22 01:16:23,00:13:13,,Brooklyn Nine-Nine: Season 2: AC/DC (Episode 20),,Safari MAC (Cadmium),00:21:37,00:21:37,CA (Canada)
khush,2024-05-21 23:07:17,00:00:26,,Brooklyn Nine-Nine: Season 2: AC/DC (Episode 20),,Safari MAC (Cadmium),00:08:23,Not latest view,CA (Canada)
khush,2024-05-21 20:49:20,00:07:42,,Brooklyn Nine-Nine: Season 2: AC/DC (Episode 20),,Safari MAC (Cadmium),00:07:57,Not latest view,CA (Canada)
khush,2024-05-21 20:28:19,00:20:54,,Brooklyn Nine-Nine: Season 2: Sabotage (Episode 19),,Safari MAC (Cadmium),00:21:07,00:21:07,CA (Canada)
khush,2024-05-21 20:19:38,00:08:40,,Brooklyn Nine-Nine: Season 2: Captain Peralta (Episode 18),,Safari MAC (Cadmium),00:21:38,00:21:38,CA (Canada)
khush,2024-05-21 18:16:27,00:12:52,,Brooklyn Nine-Nine: Season 2: Captain Peralta (Episode 18),,Safari MAC (Cadmium),00:12:58,Not latest view,CA (Canada)
khush,2024-05-21 15:46:28,00:21:32,,Brooklyn Nine-Nine: Season 2: Boyle-Linetti Wedding (Episode 17),,Safari MAC (Cadmium),00:21:33,00:21:33,CA (Canada)
khush,2024-05-21 15:27:49,00:16:28,,Brooklyn Nine-Nine: Season 2: The Wednesday Incident (Episode 16),,Safari MAC (Cadmium),00:21:40,00:21:40,CA (Canada)
khush,2024-05-19 23:01:04,00:05:10,Autoplayed: user action: None; ,Brooklyn Nine-Nine: Season 2: The Wednesday Incident (Episode 16),,Safari MAC (Cadmium),00:05:11,Not latest view,CA (Canada)
khush,2024-05-19 22:39:48,00:21:15,,Brooklyn Nine-Nine: Season 2: Windbreaker City (Episode 15),,Safari MAC (Cadmium),00:21:31,00:21:31,CA (Canada)
khush,2024-05-19 22:18:07,00:21:26,,Brooklyn Nine-Nine: Season 2: The Defense Rests (Episode 14),,Safari MAC (Cadmium),00:21:27,00:21:27,CA (Canada)
khush,2024-05-19 22:05:41,00:12:25,,Brooklyn Nine-Nine: Season 2: Payback (Episode 13),,Safari MAC (Cadmium),00:21:41,00:21:41,CA (Canada)
khush,2024-05-19 22:04:34,00:01:04,,Brooklyn Nine-Nine: Season 2: Beach House (Episode 12),,Safari MAC (Cadmium),00:21:26,00:21:26,CA (Canada)
khush,2024-05-19 15:12:21,00:09:00,,Brooklyn Nine-Nine: Season 2: Payback (Episode 13),,Apple iPhone 14 Pro iPhone,00:09:16,Not latest view,CA (Canada)
khush,2024-05-19 15:03:35,00:05:26,,Brooklyn Nine-Nine: Season 2: Beach House (Episode 12),,Apple iPhone 14 Pro iPhone,00:21:38,Not latest view,CA (Canada)
khush,2024-05-19 00:09:31,00:16:11,,Brooklyn Nine-Nine: Season 2: Beach House (Episode 12),,Safari MAC (Cadmium),00:16:12,Not latest view,CA (Canada)
khush,2024-05-18 23:45:34,00:21:51,,Brooklyn Nine-Nine: Season 2: Stakeout (Episode 11),,Safari MAC (Cadmium),00:21:41,00:21:41,CA (Canada)
khush,2024-05-18 23:23:59,00:21:34,,Brooklyn Nine-Nine: Season 2: The Pontiac Bandit Returns (Episode 10),,Safari MAC (Cadmium),00:21:39,00:21:39,CA (Canada)
khush,2024-05-18 23:11:29,00:10:59,,Brooklyn Nine-Nine: Season 2: The Road Trip (Episode 9),,Safari MAC (Cadmium),00:21:39,00:21:39,CA (Canada)
khush,2024-05-18 04:35:46,00:10:59,,Brooklyn Nine-Nine: Season 2: The Road Trip (Episode 9),,Safari MAC (Cadmium),00:10:40,Not latest view,CA (Canada)
khush,2024-05-18 04:13:34,00:21:21,,Brooklyn Nine-Nine: Season 2: USPIS (Episode 8),,Safari MAC (Cadmium),00:21:33,00:21:33,CA (Canada)
khush,2024-05-18 03:56:20,00:17:01,,Brooklyn Nine-Nine: Season 2: Lockdown (Episode 7),,Safari MAC (Cadmium),00:21:21,00:21:21,CA (Canada)
khush,2024-05-18 03:46:47,00:04:47,,Brooklyn Nine-Nine: Season 2: Lockdown (Episode 7),,Safari MAC (Cadmium),00:04:01,Not latest view,CA (Canada)
khush,2024-05-18 02:49:26,00:22:02,,Brooklyn Nine-Nine: Season 2: Jake and Sophia (Episode 6),,Safari MAC (Cadmium),00:21:42,00:21:42,CA (Canada)
khush,2024-05-18 02:37:48,00:11:29,,Brooklyn Nine-Nine: Season 2: The Mole (Episode 5),,Safari MAC (Cadmium),00:21:40,00:21:40,CA (Canada)
khush,2024-05-18 02:37:39,00:00:05,Autoplayed: user action: None; ,You: Season 1 (Trailer),TRAILER,Safari MAC (Cadmium),00:00:05,00:00:05,CA (Canada)
khush,2024-05-17 21:09:56,00:09:56,,Brooklyn Nine-Nine: Season 2: The Mole (Episode 5),,Apple iPhone 14 Pro iPhone,00:10:11,Not latest view,CA (Canada)
khush,2024-05-17 21:09:48,00:00:06,,Brooklyn Nine-Nine: Season 2: Halloween II (Episode 4),,Apple iPhone 14 Pro iPhone,00:21:08,00:21:08,CA (Canada)
khush,2024-05-17 15:59:40,00:21:36,,Brooklyn Nine-Nine: Season 2: Halloween II (Episode 4),,Safari MAC (Cadmium),00:21:37,Not latest view,CA (Canada)
khush,2024-05-17 15:57:24,00:02:15,,Brooklyn Nine-Nine: Season 2: The Jimmy Jab Games (Episode 3),,Safari MAC (Cadmium),00:21:39,00:21:39,CA (Canada)
khush,2024-05-17 00:24:50,00:19:43,,Brooklyn Nine-Nine: Season 2: The Jimmy Jab Games (Episode 3),,Safari MAC (Cadmium),00:19:24,Not latest view,CA (Canada)
khush,2024-05-17 00:03:08,00:21:41,,Brooklyn Nine-Nine: Season 2: Chocolate Milk (Episode 2),,Safari MAC (Cadmium),00:21:43,00:21:43,CA (Canada)
khush,2024-05-16 23:41:40,00:21:23,,Brooklyn Nine-Nine: Season 2: Undercover (Episode 1),,Safari MAC (Cadmium),00:21:39,00:21:39,CA (Canada)
khush,2024-05-16 23:20:18,00:21:21,,Brooklyn Nine-Nine: Season 1: Charges and Specs (Episode 22),,Safari MAC (Cadmium),00:21:37,00:21:37,CA (Canada)
khush,2024-05-16 23:14:17,00:06:00,,Brooklyn Nine-Nine: Season 1: Unsolvable (Episode 21),,Safari MAC (Cadmium),00:21:36,00:21:36,CA (Canada)
khush,2024-05-16 23:13:57,00:00:17,,Brooklyn Nine-Nine: Season 1: Fancy Brudgom (Episode 20),,Safari MAC (Cadmium),00:21:01,00:21:01,CA (Canada)
khush,2024-05-16 20:18:22,00:15:21,,Brooklyn Nine-Nine: Season 1: Unsolvable (Episode 21),,Apple iPhone 14 Pro iPhone,00:15:36,Not latest view,CA (Canada)
khush,2024-05-16 20:15:38,00:02:42,,Brooklyn Nine-Nine: Season 1: Fancy Brudgom (Episode 20),,Apple iPhone 14 Pro iPhone,00:21:11,Not latest view,CA (Canada)
khush,2024-05-16 15:56:28,00:18:12,,Brooklyn Nine-Nine: Season 1: Fancy Brudgom (Episode 20),,Apple iPhone 14 Pro iPhone,00:18:29,Not latest view,CA (Canada)
khush,2024-05-16 02:32:31,00:21:18,,Brooklyn Nine-Nine: Season 1: Tactical Village (Episode 19),,Safari MAC (Cadmium),00:21:34,00:21:34,CA (Canada)
khush,2024-05-16 02:10:57,00:21:33,,Brooklyn Nine-Nine: Season 1: The Apartment (Episode 18),,Safari MAC (Cadmium),00:21:37,00:21:37,CA (Canada)
khush,2024-05-16 01:49:08,00:21:48,,Brooklyn Nine-Nine: Season 1: Full Boyle (Episode 17),,Safari MAC (Cadmium),00:21:38,00:21:38,CA (Canada)
khush,2024-05-15 18:14:07,00:21:16,,Brooklyn Nine-Nine: Season 1: The Party (Episode 16),,Safari MAC (Cadmium),00:21:23,00:21:23,CA (Canada)
khush,2024-05-15 17:48:10,00:21:34,,Brooklyn Nine-Nine: Season 1: Operation: Broken Feather (Episode 15),,Safari MAC (Cadmium),00:21:38,00:21:38,CA (Canada)
khush,2024-05-15 17:24:30,00:21:12,,Brooklyn Nine-Nine: Season 1: The Ebony Falcon (Episode 14),,Safari MAC (Cadmium),00:21:30,00:21:30,CA (Canada)
khush,2024-05-15 17:22:33,00:01:55,,Brooklyn Nine-Nine: Season 1: The Bet (Episode 13),,Safari MAC (Cadmium),00:21:39,00:21:39,CA (Canada)
khush,2024-05-15 17:22:25,00:00:04,Autoplayed: user action: None; ,Trailer: Heeramandi: The Diamond Bazaar,TRAILER,Safari MAC (Cadmium),00:00:04,00:00:04,CA (Canada)
khush,2024-05-15 17:17:18,00:00:21,Autoplayed: user action: None; ,Season 1 Trailer: Bodkin,TRAILER,Safari MAC (Cadmium),00:00:21,00:00:21,CA (Canada)
khush,2024-05-15 17:17:01,00:00:38,Autoplayed: user action: None; ,Gilmore Girls: Season 1_hook_primary_16x9,HOOK,Safari MAC (Cadmium),00:00:00,00:00:00,CA (Canada)
khush,2024-05-15 01:15:51,00:20:23,Autoplayed: user action: None; ,Brooklyn Nine-Nine: Season 1: The Bet (Episode 13),,Safari MAC (Cadmium),00:20:41,Not latest view,CA (Canada)
khush,2024-05-15 00:54:11,00:21:39,,Brooklyn Nine-Nine: Season 1: Pontiac Bandit (Episode 12),,Safari MAC (Cadmium),00:21:41,00:21:41,CA (Canada)
khush,2024-05-15 00:30:29,00:21:34,,Brooklyn Nine-Nine: Season 1: Christmas (Episode 11),,Safari MAC (Cadmium),00:21:35,00:21:35,CA (Canada)
khush,2024-05-15 00:08:49,00:21:37,,Brooklyn Nine-Nine: Season 1: Thanksgiving (Episode 10),,Safari MAC (Cadmium),00:21:42,00:21:42,CA (Canada)
khush,2024-05-14 23:47:29,00:21:19,,Brooklyn Nine-Nine: Season 1: Sal's Pizza (Episode 9),,Safari MAC (Cadmium),00:21:34,00:21:34,CA (Canada)
khush,2024-05-14 23:33:23,00:14:04,,Brooklyn Nine-Nine: Season 1: Old School (Episode 8),,Safari MAC (Cadmium),00:21:34,00:21:34,CA (Canada)
khush,2024-05-14 19:48:50,00:07:27,,Brooklyn Nine-Nine: Season 1: Old School (Episode 8),,Safari MAC (Cadmium),00:07:30,Not latest view,CA (Canada)
khush,2024-05-14 19:27:11,00:21:28,,Brooklyn Nine-Nine: Season 1: 48 Hours (Episode 7),,Safari MAC (Cadmium),00:21:41,00:21:41,CA (Canada)
khush,2024-05-14 19:05:46,00:21:24,,Brooklyn Nine-Nine: Season 1: Halloween (Episode 6),,Safari MAC (Cadmium),00:21:38,00:21:38,CA (Canada)
khush,2024-05-14 18:44:28,00:21:17,,Brooklyn Nine-Nine: Season 1: The Vulture (Episode 5),,Safari MAC (Cadmium),00:21:35,00:21:35,CA (Canada)
khush,2024-05-14 18:41:56,00:02:30,,Brooklyn Nine-Nine: Season 1: M.E. Time (Episode 4),,Safari MAC (Cadmium),00:21:32,00:21:32,CA (Canada)
khush,2024-05-13 21:42:43,00:19:04,Autoplayed: user action: None; ,Brooklyn Nine-Nine: Season 1: M.E. Time (Episode 4),,Safari MAC (Cadmium),00:19:23,Not latest view,CA (Canada)
khush,2024-05-13 21:27:19,00:15:23,,Brooklyn Nine-Nine: Season 1: The Slump (Episode 3),,Safari MAC (Cadmium),00:21:40,00:21:40,CA (Canada)
khush,2024-05-13 21:27:10,00:00:04,Autoplayed: user action: None; ,Arrested Development (Trailer),TRAILER,Safari MAC (Cadmium),00:00:04,00:00:04,CA (Canada)
khush,2024-05-13 19:38:03,00:06:10,,Brooklyn Nine-Nine: Season 1: The Slump (Episode 3),,Safari MAC (Cadmium),00:06:17,Not latest view,CA (Canada)
khush,2024-05-13 19:31:14,00:06:49,,Brooklyn Nine-Nine: Season 1: The Tagger (Episode 2),,Safari MAC (Cadmium),00:20:57,00:20:57,CA (Canada)
khush,2024-05-13 18:29:42,00:13:50,,Brooklyn Nine-Nine: Season 1: The Tagger (Episode 2),,Safari MAC (Cadmium),00:14:08,Not latest view,CA (Canada)
khush,2024-05-13 18:06:58,00:22:43,,Brooklyn Nine-Nine: Season 1: Pilot (Episode 1),,Safari MAC (Cadmium),00:22:43,00:22:43,CA (Canada)
khush,2024-05-13 18:06:31,00:00:11,Autoplayed: user action: None; ,Superstore: Season 1_hook_01_16x9,HOOK,Safari MAC (Cadmium),00:00:11,00:00:11,CA (Canada)
khush,2024-05-12 19:49:45,00:09:36,,BoJack Horseman: Season 2: After the Party (Episode 4),,Safari MAC (Cadmium),00:19:25,00:19:25,CA (Canada)
khush,2024-05-12 14:22:23,00:09:00,,BoJack Horseman: Season 2: After the Party (Episode 4),,Apple iPhone 14 Pro iPhone,00:09:49,Not latest view,CA (Canada)
khush,2024-05-11 23:59:03,00:23:56,,BoJack Horseman: Season 2: Still Broken (Episode 3),,Safari MAC (Cadmium),00:24:45,00:24:45,CA (Canada)
khush,2024-05-11 23:31:25,00:24:55,,BoJack Horseman: Season 2: Yesterdayland (Episode 2),,Safari MAC (Cadmium),00:24:51,00:24:51,CA (Canada)
khush,2024-05-11 23:17:19,00:14:03,,BoJack Horseman: Season 2: Brand New Couch (Episode 1),,Safari MAC (Cadmium),00:25:17,00:25:17,CA (Canada)
khush,2024-05-11 15:49:12,00:10:27,,BoJack Horseman: Season 2: Brand New Couch (Episode 1),,Apple iPhone 14 Pro iPhone,00:11:14,Not latest view,CA (Canada)
khush,2024-05-11 15:49:04,00:00:05,,BoJack Horseman: Season 1: Later (Episode 12),,Apple iPhone 14 Pro iPhone,00:00:11,00:00:11,CA (Canada)
khush,2024-05-11 02:23:32,00:00:04,,BoJack Horseman: Season 1: One Trick Pony (Episode 10),,Safari MAC (Cadmium),00:12:28,00:12:28,CA (Canada)
khush,2024-05-11 02:22:40,00:00:04,,BoJack Horseman: Season 1: One Trick Pony (Episode 10),,Safari MAC (Cadmium),00:12:24,Not latest view,CA (Canada)
khush,2024-05-11 02:21:58,00:00:06,Autoplayed: user action: None; ,Season 1 Trailer: John Mulaney Presents: Everybodyâ€™s In L.A,TRAILER,Safari MAC (Cadmium),00:00:06,00:00:06,CA (Canada)
khush,2024-05-10 14:56:08,00:10:11,,BoJack Horseman: Season 1: One Trick Pony (Episode 10),,Safari MAC (Cadmium),00:12:20,Not latest view,CA (Canada)
khush,2024-05-10 02:28:46,00:01:18,,BoJack Horseman: Season 1: One Trick Pony (Episode 10),,Safari MAC (Cadmium),00:01:23,Not latest view,CA (Canada)
khush,2024-05-10 02:05:55,00:22:50,,BoJack Horseman: Season 1: Horse Majeure (Episode 9),,Safari MAC (Cadmium),00:24:49,00:24:49,CA (Canada)
khush,2024-05-10 02:05:24,00:00:27,Autoplayed: user action: None; ,Season 1 Trailer: John Mulaney Presents: Everybodyâ€™s In L.A,TRAILER,Safari MAC (Cadmium),00:00:27,Not latest view,CA (Canada)
khush,2024-05-09 20:19:47,00:01:19,,BoJack Horseman: Season 1: Horse Majeure (Episode 9),,Safari MAC (Cadmium),00:02:10,Not latest view,CA (Canada)
khush,2024-05-09 20:19:21,00:00:24,Autoplayed: user action: None; ,BoJack Horseman: Season 1: The Telescope (Episode 8),,Safari MAC (Cadmium),00:25:39,00:25:39,CA (Canada)
khush,2024-05-09 19:55:35,00:23:45,,BoJack Horseman: Season 1: Say Anything (Episode 7),,Safari MAC (Cadmium),00:24:36,00:24:36,CA (Canada)
khush,2024-05-09 19:30:59,00:24:35,,BoJack Horseman: Season 1: Our A-Story Is a 'D' Story (Episode 6),,Safari MAC (Cadmium),00:24:43,00:24:43,CA (Canada)
khush,2024-05-09 13:49:56,00:00:03,Autoplayed: user action: None; ,BoJack Horseman: Season 1: Our A-Story Is a 'D' Story (Episode 6),,Safari MAC (Cadmium),00:00:08,Not latest view,CA (Canada)
khush,2024-05-09 13:26:23,00:23:32,,"BoJack Horseman: Season 1: Live Fast, Diane Nguyen (Episode 5)",,Safari MAC (Cadmium),00:24:16,00:24:16,CA (Canada)
khush,2024-05-09 13:19:13,00:07:09,,BoJack Horseman: Season 1: ZoÃ«s and Zeldas (Episode 4),,Safari MAC (Cadmium),00:24:22,00:24:22,CA (Canada)
khush,2024-05-09 02:32:51,00:16:31,,BoJack Horseman: Season 1: ZoÃ«s and Zeldas (Episode 4),,Safari MAC (Cadmium),00:17:23,Not latest view,CA (Canada)
khush,2024-05-09 02:05:32,00:24:06,,BoJack Horseman: Season 1: Prickly-Muffin (Episode 3),,Safari MAC (Cadmium),00:24:48,00:24:48,CA (Canada)
khush,2024-05-09 01:51:43,00:13:48,,BoJack Horseman: Season 1: BoJack Hates the Troops (Episode 2),,Safari MAC (Cadmium),00:24:15,00:24:15,CA (Canada)
khush,2024-05-09 01:51:29,00:00:08,Autoplayed: user action: None; ,Season 1 Teaser 2: John Mulaney Presents: Everybodyâ€™s in L.A.,TEASER_TRAILER,Safari MAC (Cadmium),00:00:08,00:00:08,CA (Canada)
khush,2024-05-08 19:52:52,00:09:49,,BoJack Horseman: Season 1: BoJack Hates the Troops (Episode 2),,Safari MAC (Cadmium),00:10:27,Not latest view,CA (Canada)
khush,2024-05-08 19:22:13,00:24:44,,"BoJack Horseman: Season 1: BoJack Horseman: The BoJack Horseman Story, Chapter One (Episode 1)",,Safari MAC (Cadmium),00:24:23,00:24:23,CA (Canada)
khush,2024-05-08 19:20:05,00:00:35,Autoplayed: user action: None; ,Psych: Season 1_hook_primary_16x9,HOOK,Safari MAC (Cadmium),00:00:35,00:00:35,CA (Canada)
khush,2024-05-08 19:19:56,00:00:06,Autoplayed: user action: None; ,Suits: Season 1_hook_primary_16x9,HOOK,Safari MAC (Cadmium),00:00:06,00:00:06,CA (Canada)
khush,2024-05-08 19:19:44,00:00:11,Autoplayed: user action: None; ,Vikings: Season 1_hook_primary_16x9,HOOK,Safari MAC (Cadmium),00:00:11,00:00:11,CA (Canada)
khush,2024-05-08 19:18:25,00:00:55,Autoplayed: user action: None; ,Suits: Season 1_hook_primary_16x9,HOOK,Safari MAC (Cadmium),00:00:00,Not latest view,CA (Canada)
khush,2024-05-08 19:16:49,00:00:05,Autoplayed: user action: None; ,Season 2 Genre Specific Moment Clip: The Beauty Queen of Jerusalem,HOOK,Safari MAC (Cadmium),00:00:05,00:00:05,CA (Canada)
khush,2024-05-08 19:16:06,00:00:08,Autoplayed: user action: None; ,Brooklyn Nine-Nine: Season 1_hook_primary_16x9,HOOK,Safari MAC (Cadmium),00:00:08,00:00:08,CA (Canada)
khush,2024-05-08 15:29:33,00:04:31,,The Office (U.S.): Season 7: Nepotism (Episode 1),,Apple iPhone 14 Pro iPhone,00:06:22,00:06:22,CA (Canada)
khush,2024-05-08 15:22:36,00:06:34,,The Office (U.S.): Season 5: Two Weeks (Episode 21),,Apple iPhone 14 Pro iPhone,00:06:48,00:06:48,CA (Canada)
khush,2024-05-08 15:22:06,00:00:27,Autoplayed: user action: None; ,The Office (U.S.): Season 1 - CLM 11,HOOK,Apple iPhone 14 Pro iPhone,00:00:27,00:00:27,CA (Canada)
khush,2024-05-08 02:13:39,00:33:36,,The Gentlemen: Season 1: Tackle Tommy Woo Woo (Episode 2),,Safari MAC (Cadmium),00:33:32,00:33:32,CA (Canada)
khush,2024-05-08 02:12:52,00:00:45,,The Gentlemen: Season 1: Refined Aggression (Episode 1),,Safari MAC (Cadmium),01:03:53,01:03:53,CA (Canada)
khush,2024-05-07 19:05:09,00:38:05,,The Gentlemen: Season 1: Refined Aggression (Episode 1),,Safari MAC (Cadmium),01:03:08,Not latest view,CA (Canada)
khush,2024-05-07 19:04:49,00:00:16,Autoplayed: user action: None; ,Limited Series Plot Clip 3: A Man in Full,HOOK,Safari MAC (Cadmium),00:00:16,00:00:16,CA (Canada)
khush,2024-05-06 20:08:29,00:25:55,,The Gentlemen: Season 1: Refined Aggression (Episode 1),,Safari MAC (Cadmium),00:25:55,Not latest view,CA (Canada)
khush,2024-05-06 20:08:14,00:00:14,Autoplayed: user action: None; ,Season 1 Character Intro Clip: The Gentlemen,HOOK,Safari MAC (Cadmium),00:00:14,00:00:14,CA (Canada)
khush,2024-05-06 20:07:53,00:00:05,Autoplayed: user action: None; ,Breaking Bad: Season 1_hook_primary_16x9,HOOK,Safari MAC (Cadmium),00:00:05,00:00:05,CA (Canada)
khush,2024-05-06 20:07:38,00:00:04,Autoplayed: user action: None; ,Breaking Bad: Season 1_hook_primary_16x9,HOOK,Safari MAC (Cadmium),00:00:04,Not latest view,CA (Canada)
khush,2024-05-06 20:07:03,00:00:21,Autoplayed: user action: None; ,Limited Series Inciting Incident Clip: Baby Reindeer,HOOK,Safari MAC (Cadmium),00:00:21,00:00:21,CA (Canada)
khush,2024-05-06 20:06:57,00:00:05,Autoplayed: user action: None; ,Limited Series Inciting Incident Clip: Baby Reindeer,HOOK,Safari MAC (Cadmium),00:00:05,Not latest view,CA (Canada)
khush,2024-05-06 20:06:00,00:00:24,Autoplayed: user action: None; ,Season 1 Genre Specific Moment Clip 3: Heeramandi: The Diamond Bazaar,HOOK,Safari MAC (Cadmium),00:00:24,00:00:24,CA (Canada)
khush,2024-05-06 02:48:32,00:00:30,Autoplayed: user action: None; ,Trailer: The Roast of Tom Brady,TRAILER,Safari MAC (Cadmium),00:00:00,00:00:00,CA (Canada)
khush,2024-05-06 02:41:26,00:00:27,Autoplayed: user action: None; ,Trailer: The Roast of Tom Brady,TRAILER,Safari MAC (Cadmium),00:00:27,Not latest view,CA (Canada)
khush,2024-05-01 07:06:08,00:00:53,Autoplayed: user action: None; ,Teaser 1: Don't Look Up,TEASER_TRAILER,DefaultWidevineAndroidPhone,00:00:34,00:00:34,IN (India)
khush,2024-05-01 07:05:12,00:00:05,Autoplayed: user action: None; ,Journey to the Center of the Earth _hook_04_16x9,HOOK,DefaultWidevineAndroidPhone,00:00:05,00:00:05,IN (India)
khush,2024-05-01 07:03:51,00:01:01,Autoplayed: user action: None; ,Spider-Man: Homecoming_hook_primary_16x9,HOOK,DefaultWidevineAndroidPhone,00:00:52,00:00:52,IN (India)
khush,2024-05-01 07:02:00,00:00:41,Autoplayed: user action: None; ,Plot Clip 2: Murder Mubarak,HOOK,DefaultWidevineAndroidPhone,00:00:41,00:00:41,IN (India)
khush,2024-05-01 07:00:04,00:00:06,Autoplayed: user action: None; ,Season 1 Villain / Antagonist Clip: Berlin,HOOK,DefaultWidevineAndroidPhone,00:00:05,00:00:05,IN (India)
khush,2024-05-01 06:59:07,00:00:09,Autoplayed: user action: None; ,Limited Series Villain / Antagonist Clip 2: The Asunta Case,HOOK,DefaultWidevineAndroidPhone,00:00:07,00:00:07,IN (India)
khush,2024-05-01 06:30:56,00:00:04,,Cinemagraph 2: Asphalt Xtreme,CINEMAGRAPH,DefaultWidevineAndroidPhone,00:00:04,00:00:04,IN (India)
